{
     "Height": [
          1850.0,
          1872.5,
          1875.0,
          1877.5,
          1880.0,
          1890.0,
          1910.0,
          1970.0,
          2130.0,
          2600.0,
          3900.0,
          5860.0,
          8790.0
     ],
     "Density": [
          1.195293129487397e-10,
          7.112452179535536e-11,
          4.7326544174434686e-11,
          3.1439022640877904e-11,
          2.091950175723815e-11,
          1.3909534933106817e-11,
          9.202236851419267e-12,
          6.087633609400439e-12,
          3.986815256631613e-12,
          2.6510049032814266e-12,
          1.6409583196586809e-12,
          1.1940698251859457e-12,
          9.04128518025376e-13
     ],
     "Pressure": [
          0.0148,
          0.013200000000000002,
          0.013175000000000001,
          0.013150000000000002,
          0.013125000000000001,
          0.0131,
          0.013000000000000001,
          0.012900000000000002,
          0.012700000000000001,
          0.0123,
          0.011500000000000002,
          0.010700000000000001,
          0.00988
     ],
     "Temperature": [
          8940.0,
          13400.0,
          20100.0,
          30200.0,
          45300.0,
          68000.0,
          102000.0,
          153000.0,
          230000.0,
          335000.0,
          506000.0,
          647000.0,
          789000.0
     ]
}