{
     "Height": [
          2543.0,
          2298.0,
          2290.0,
          2280.0,
          2274.0,
          2271.0,
          2267.0,
          2263.0,
          2255.0,
          2230.0,
          2200.0,
          2160.0,
          2129.0,
          2120.0,
          2115.0,
          2113.0,
          2109.0,
          2107.0,
          2104.0,
          2090.0,
          2080.0,
          2070.0,
          2050.0,
          2016.0,
          1990.0,
          1925.0,
          1785.0,
          1605.0,
          1515.0,
          1380.0,
          1280.0,
          1180.0,
          1065.0,
          980.0,
          905.0,
          855.0,
          755.0,
          705.0,
          655.0,
          605.0,
          555.0,
          515.0,
          450.0,
          350.0,
          250.0,
          150.0,
          100.0,
          50.0,
          0.0
     ],
     "Density": [
          2.394e-15,
          7.494e-15,
          1.179e-14,
          2.113e-14,
          2.808e-14,
          3.222e-14,
          3.665e-14,
          4.017e-14,
          4.203e-14,
          4.355e-14,
          4.517e-14,
          4.795e-14,
          5.058e-14,
          5.216e-14,
          5.619e-14,
          6.39e-14,
          9.569e-14,
          1.093e-13,
          1.225e-13,
          1.433e-13,
          1.53e-13,
          1.628e-13,
          1.802e-13,
          2.122e-13,
          2.417e-13,
          3.227e-13,
          6.082e-13,
          1.493e-12,
          2.45e-12,
          5.315e-12,
          9.822e-12,
          1.839e-11,
          4e-11,
          7.359e-11,
          1.297e-10,
          1.902e-10,
          4.358e-10,
          6.846e-10,
          1.121e-09,
          1.899e-09,
          3.232e-09,
          4.902e-09,
          9.327e-09,
          2.334e-08,
          5.413e-08,
          1.15e-07,
          1.606e-07,
          2.152e-07,
          2.727e-07
     ],
     "Pressure": [
          0.1425024,
          0.1433544,
          0.14151808,
          0.13762686,
          0.13480062,
          0.13311407999999997,
          0.1314508,
          0.13028358,
          0.13047,
          0.1333854,
          0.1353807,
          0.14194026,
          0.14600859,
          0.14695207999999998,
          0.1462409,
          0.14362598,
          0.13255749,
          0.12815743999999998,
          0.12414562,
          0.12281388000000001,
          0.12390018,
          0.12540336,
          0.12973136,
          0.14012687999999998,
          0.15048,
          0.18403600000000003,
          0.30548492,
          0.6778350799999999,
          1.0701355,
          2.2333474,
          4.0160864,
          7.413373799999999,
          15.768736,
          28.395519999999998,
          48.554004,
          69.87210999999999,
          149.49952000000002,
          224.21343000000002,
          344.3274,
          545.03596,
          887.9169599999999,
          1327.1824,
          2555.8981,
          6766.7292,
          16801.776,
          38686.804000000004,
          56885.004,
          80654.952,
          113707.43999999999
     ],
     "Temperature": [
          447000.0,
          141000.0,
          89100.0,
          50000.0,
          37000.0,
          32000.0,
          28000.0,
          25500.0,
          24500.0,
          24200.0,
          24000.0,
          23500.0,
          23000.0,
          22500.0,
          21000.0,
          18500.0,
          12300.0,
          10700.0,
          9500.0,
          8440.0,
          8180.0,
          7940.0,
          7660.0,
          7360.0,
          7160.0,
          6940.0,
          6630.0,
          6440.0,
          6370.0,
          6280.0,
          6220.0,
          6150.0,
          6040.0,
          5925.0,
          5755.0,
          5650.0,
          5280.0,
          5030.0,
          4730.0,
          4420.0,
          4230.0,
          4170.0,
          4220.0,
          4465.0,
          4780.0,
          5180.0,
          5455.0,
          5840.0,
          6420.0
     ]
}